-- DAYS
INSERT INTO users_day (id, name) VALUES
(1, 'Monday'),
(2, 'Tuesday'),
(3, 'Wednesday'),
(4, 'Thursday'),
(5, 'Friday');

-- DOCTOR USERS (id 2-25)
INSERT INTO users_customuser (id, email, password, first_name, last_name, is_patient, is_doctor, is_active, is_staff, is_superuser, date_joined) VALUES
(2, 'doc2@example.com', 'pbkdf2_sha256$1000000$hash$', 'John', 'Doe', FALSE, TRUE, TRUE, FALSE, FALSE, NOW()),
(3, 'doc3@example.com', 'pbkdf2_sha256$1000000$hash$', 'Emily', 'Smith', FALSE, TRUE, TRUE, FALSE, FALSE, NOW()),
(4, 'doc4@example.com', 'pbkdf2_sha256$1000000$hash$', 'David', 'Johnson', FALSE, TRUE, TRUE, FALSE, FALSE, NOW()),
(5, 'doc5@example.com', 'pbkdf2_sha256$1000000$hash$', 'Sarah', 'Williams', FALSE, TRUE, TRUE, FALSE, FALSE, NOW()),
(6, 'doc6@example.com', 'pbkdf2_sha256$1000000$hash$', 'Michael', 'Brown', FALSE, TRUE, TRUE, FALSE, FALSE, NOW()),
(7, 'doc7@example.com', 'pbkdf2_sha256$1000000$hash$', 'Emma', 'Jones', FALSE, TRUE, TRUE, FALSE, FALSE, NOW()),
(8, 'doc8@example.com', 'pbkdf2_sha256$1000000$hash$', 'Daniel', 'Garcia', FALSE, TRUE, TRUE, FALSE, FALSE, NOW()),
(9, 'doc9@example.com', 'pbkdf2_sha256$1000000$hash$', 'Olivia', 'Martinez', FALSE, TRUE, TRUE, FALSE, FALSE, NOW()),
(10, 'doc10@example.com', 'pbkdf2_sha256$1000000$hash$', 'Matthew', 'Hernandez', FALSE, TRUE, TRUE, FALSE, FALSE, NOW()),
(11, 'doc11@example.com', 'pbkdf2_sha256$1000000$hash$', 'Ava', 'Lopez', FALSE, TRUE, TRUE, FALSE, FALSE, NOW()),
(12, 'doc12@example.com', 'pbkdf2_sha256$1000000$hash$', 'James', 'Gonzalez', FALSE, TRUE, TRUE, FALSE, FALSE, NOW()),
(13, 'doc13@example.com', 'pbkdf2_sha256$1000000$hash$', 'Sophia', 'Wilson', FALSE, TRUE, TRUE, FALSE, FALSE, NOW()),
(14, 'doc14@example.com', 'pbkdf2_sha256$1000000$hash$', 'Benjamin', 'Anderson', FALSE, TRUE, TRUE, FALSE, FALSE, NOW()),
(15, 'doc15@example.com', 'pbkdf2_sha256$1000000$hash$', 'Isabella', 'Thomas', FALSE, TRUE, TRUE, FALSE, FALSE, NOW()),
(16, 'doc16@example.com', 'pbkdf2_sha256$1000000$hash$', 'Elijah', 'Taylor', FALSE, TRUE, TRUE, FALSE, FALSE, NOW()),
(17, 'doc17@example.com', 'pbkdf2_sha256$1000000$hash$', 'Mia', 'Moore', FALSE, TRUE, TRUE, FALSE, FALSE, NOW()),
(18, 'doc18@example.com', 'pbkdf2_sha256$1000000$hash$', 'Alexander', 'Jackson', FALSE, TRUE, TRUE, FALSE, FALSE, NOW()),
(19, 'doc19@example.com', 'pbkdf2_sha256$1000000$hash$', 'Charlotte', 'Martin', FALSE, TRUE, TRUE, FALSE, FALSE, NOW()),
(20, 'doc20@example.com', 'pbkdf2_sha256$1000000$hash$', 'William', 'Lee', FALSE, TRUE, TRUE, FALSE, FALSE, NOW()),
(21, 'doc21@example.com', 'pbkdf2_sha256$1000000$hash$', 'Amelia', 'Perez', FALSE, TRUE, TRUE, FALSE, FALSE, NOW()),
(22, 'doc22@example.com', 'pbkdf2_sha256$1000000$hash$', 'Ethan', 'Thompson', FALSE, TRUE, TRUE, FALSE, FALSE, NOW()),
(23, 'doc23@example.com', 'pbkdf2_sha256$1000000$hash$', 'Harper', 'White', FALSE, TRUE, TRUE, FALSE, FALSE, NOW()),
(24, 'doc24@example.com', 'pbkdf2_sha256$1000000$hash$', 'Logan', 'Harris', FALSE, TRUE, TRUE, FALSE, FALSE, NOW()),
(25, 'doc25@example.com', 'pbkdf2_sha256$1000000$hash$', 'Evelyn', 'Sanchez', FALSE, TRUE, TRUE, FALSE, FALSE, NOW());

-- PATIENT USERS (id 26-50)
INSERT INTO users_customuser (id, email, password, first_name, last_name, is_patient, is_doctor, is_active, is_staff, is_superuser, date_joined) VALUES
(26, 'pat26@example.com', 'pbkdf2_sha256$1000000$hash$', 'Liam', 'Scott', TRUE, FALSE, TRUE, FALSE, FALSE, NOW()),
(27, 'pat27@example.com', 'pbkdf2_sha256$1000000$hash$', 'Emma', 'Cooper', TRUE, FALSE, TRUE, FALSE, FALSE, NOW()),
(28, 'pat28@example.com', 'pbkdf2_sha256$1000000$hash$', 'Noah', 'Ward', TRUE, FALSE, TRUE, FALSE, FALSE, NOW()),
(29, 'pat29@example.com', 'pbkdf2_sha256$1000000$hash$', 'Olivia', 'Morgan', TRUE, FALSE, TRUE, FALSE, FALSE, NOW()),
(30, 'pat30@example.com', 'pbkdf2_sha256$1000000$hash$', 'William', 'Bell', TRUE, FALSE, TRUE, FALSE, FALSE, NOW()),
(31, 'pat31@example.com', 'pbkdf2_sha256$1000000$hash$', 'Ava', 'Murphy', TRUE, FALSE, TRUE, FALSE, FALSE, NOW()),
(32, 'pat32@example.com', 'pbkdf2_sha256$1000000$hash$', 'James', 'Rivera', TRUE, FALSE, TRUE, FALSE, FALSE, NOW()),
(33, 'pat33@example.com', 'pbkdf2_sha256$1000000$hash$', 'Sophia', 'Cook', TRUE, FALSE, TRUE, FALSE, FALSE, NOW()),
(34, 'pat34@example.com', 'pbkdf2_sha256$1000000$hash$', 'Benjamin', 'Rogers', TRUE, FALSE, TRUE, FALSE, FALSE, NOW()),
(35, 'pat35@example.com', 'pbkdf2_sha256$1000000$hash$', 'Isabella', 'Reed', TRUE, FALSE, TRUE, FALSE, FALSE, NOW()),
(36, 'pat36@example.com', 'pbkdf2_sha256$1000000$hash$', 'Elijah', 'Kelly', TRUE, FALSE, TRUE, FALSE, FALSE, NOW()),
(37, 'pat37@example.com', 'pbkdf2_sha256$1000000$hash$', 'Mia', 'Howard', TRUE, FALSE, TRUE, FALSE, FALSE, NOW()),
(38, 'pat38@example.com', 'pbkdf2_sha256$1000000$hash$', 'Alexander', 'Ward', TRUE, FALSE, TRUE, FALSE, FALSE, NOW()),
(39, 'pat39@example.com', 'pbkdf2_sha256$1000000$hash$', 'Charlotte', 'Torres', TRUE, FALSE, TRUE, FALSE, FALSE, NOW()),
(40, 'pat40@example.com', 'pbkdf2_sha256$1000000$hash$', 'William', 'Peterson', TRUE, FALSE, TRUE, FALSE, FALSE, NOW()),
(41, 'pat41@example.com', 'pbkdf2_sha256$1000000$hash$', 'Amelia', 'Gray', TRUE, FALSE, TRUE, FALSE, FALSE, NOW()),
(42, 'pat42@example.com', 'pbkdf2_sha256$1000000$hash$', 'Ethan', 'Ramirez', TRUE, FALSE, TRUE, FALSE, FALSE, NOW()),
(43, 'pat43@example.com', 'pbkdf2_sha256$1000000$hash$', 'Harper', 'James', TRUE, FALSE, TRUE, FALSE, FALSE, NOW()),
(44, 'pat44@example.com', 'pbkdf2_sha256$1000000$hash$', 'Logan', 'Watson', TRUE, FALSE, TRUE, FALSE, FALSE, NOW()),
(45, 'pat45@example.com', 'pbkdf2_sha256$1000000$hash$', 'Evelyn', 'Brooks', TRUE, FALSE, TRUE, FALSE, FALSE, NOW()),
(46, 'pat46@example.com', 'pbkdf2_sha256$1000000$hash$', 'Liam', 'Sanders', TRUE, FALSE, TRUE, FALSE, FALSE, NOW()),
(47, 'pat47@example.com', 'pbkdf2_sha256$1000000$hash$', 'Emma', 'Price', TRUE, FALSE, TRUE, FALSE, FALSE, NOW()),
(48, 'pat48@example.com', 'pbkdf2_sha256$1000000$hash$', 'Noah', 'Bennett', TRUE, FALSE, TRUE, FALSE, FALSE, NOW()),
(49, 'pat49@example.com', 'pbkdf2_sha256$1000000$hash$', 'Olivia', 'Wood', TRUE, FALSE, TRUE, FALSE, FALSE, NOW()),
(50, 'pat50@example.com', 'pbkdf2_sha256$1000000$hash$', 'William', 'Barnes', TRUE, FALSE, TRUE, FALSE, FALSE, NOW());

-- DOCTOR PROFILES (id 1-24)
INSERT INTO users_doctorprofile (id, user_id, specialization, bio) VALUES
(1, 2, 'Cardiology', 'Expert in heart and blood vessel health.'),
(2, 3, 'Neurology', 'Specialist in brain and nervous system disorders.'),
(3, 4, 'Dermatology', 'Skin care and treatment specialist.'),
(4, 5, 'Pediatrics', 'Child health and wellness expert.'),
(5, 6, 'Oncology', 'Cancer treatment specialist.'),
(6, 7, 'Orthopedics', 'Bone and joint care expert.'),
(7, 8, 'Psychiatry', 'Mental health specialist.'),
(8, 9, 'Radiology', 'Imaging and diagnostics expert.'),
(9, 10, 'Endocrinology', 'Hormones and metabolism specialist.'),
(10, 11, 'Gastroenterology', 'Digestive system expert.'),
(11, 12, 'Nephrology', 'Kidney health specialist.'),
(12, 13, 'Ophthalmology', 'Eye care expert.'),
(13, 14, 'Pulmonology', 'Lung and respiratory system specialist.'),
(14, 15, 'Rheumatology', 'Autoimmune and joint disease expert.'),
(15, 16, 'Urology', 'Urinary tract and male reproductive system specialist.'),
(16, 17, 'Allergy and Immunology', 'Immune system disorders specialist.'),
(17, 18, 'Infectious Disease', 'Disease prevention and treatment expert.'),
(18, 19, 'Emergency Medicine', 'Acute illness and trauma specialist.'),
(19, 20, 'Family Medicine', 'Comprehensive primary care specialist.'),
(20, 21, 'Obstetrics and Gynecology', 'Women''s reproductive health expert.'),
(21, 22, 'Pathology', 'Disease diagnosis through lab tests.'),
(22, 23, 'Anesthesiology', 'Pain management and anesthesia specialist.'),
(23, 24, 'Plastic Surgery', 'Reconstructive and cosmetic surgery expert.'),
(24, 25, 'Sports Medicine', 'Injury prevention and treatment for athletes.');

-- PATIENT PROFILES (id 1-25)
INSERT INTO users_patientprofile (id, user_id, age, gender, phone) VALUES
(1, 26, 25, 'Male', '+251900000001'),
(2, 27, 30, 'Female', '+251900000002'),
(3, 28, 22, 'Male', '+251900000003'),
(4, 29, 45, 'Female', '+251900000004'),
(5, 30, 50, 'Male', '+251900000005'),
(6, 31, 28, 'Female', '+251900000006'),
(7, 32, 35, 'Male', '+251900000007'),
(8, 33, 40, 'Female', '+251900000008'),
(9, 34, 32, 'Male', '+251900000009'),
(10, 35, 27, 'Female', '+251900000010'),
(11, 36, 29, 'Male', '+251900000011'),
(12, 37, 33, 'Female', '+251900000012'),
(13, 38, 31, 'Male', '+251900000013'),
(14, 39, 26, 'Female', '+251900000014'),
(15, 40, 34, 'Male', '+251900000015'),
(16, 41, 38, 'Female', '+251900000016'),
(17, 42, 24, 'Male', '+251900000017'),
(18, 43, 36, 'Female', '+251900000018'),
(19, 44, 39, 'Male', '+251900000019'),
(20, 45, 41, 'Female', '+251900000020'),
(21, 46, 23, 'Male', '+251900000021'),
(22, 47, 37, 'Female', '+251900000022'),
(23, 48, 42, 'Male', '+251900000023'),
(24, 49, 44, 'Female', '+251900000024'),
(25, 50, 30, 'Male', '+251900000025');

-- DOCTORPROFILE_AVAILABLE_DAYS (2 random days per doctorprofile)
INSERT INTO users_doctorprofile_available_days (id, doctorprofile_id, day_id) VALUES
(1, 1, 1),
(2, 1, 3),
(3, 2, 2),
(4, 2, 4),
(5, 3, 1),
(6, 3, 5),
(7, 4, 2),
(8, 4, 3),
(9, 5, 1),
(10, 5, 4),
(11, 6, 2),
(12, 6, 5),
(13, 7, 1),
(14, 7, 2),
(15, 8, 3),
(16, 8, 5),
(17, 9, 4),
(18, 9, 5),
(19, 10, 1),
(20, 10, 3),
(21, 11, 2),
(22, 11, 4),
(23, 12, 1),
(24, 12, 5),
(25, 13, 2),
(26, 13, 3),
(27, 14, 4),
(28, 14, 5),
(29, 15, 1),
(30, 15, 2),
(31, 16, 3),
(32, 16, 4),
(33, 17, 2),
(34, 17, 5),
(35, 18, 1),
(36, 18, 3),
(37, 19, 2),
(38, 19, 4),
(39, 20, 1),
(40, 20, 5),
(41, 21, 3),
(42, 21, 4),
(43, 22, 2),
(44, 22, 5),
(45, 23, 1),
(46, 23, 4),
(47, 24, 3),
(48, 24, 5);
