-- DAYS
INSERT INTO users_day (id, name) VALUES
(1, 'Monday'),
(2, 'Tuesday'),
(3, 'Wednesday'),
(4, 'Thursday'),
(5, 'Friday');

-- USERS (skip id=1 admin)
-- CUSTOM USERS (Doctors id 2-25)
INSERT INTO users_customuser (id, email, password, first_name, last_name, is_patient, is_doctor, is_active, is_staff, is_superuser, date_joined) VALUES
(2, 'doc2@example.com', 'pbkdf2_sha256$1000000$6flJ7dDLZUdk7ozvFwOh5c$MuveI5f/kNzdmuQfd4xH+mVHKYTSy0sMdvomLbKKi6A=', 'John', 'Doe', 0, 1, 1, 0, 0, NOW()),
(3, 'doc3@example.com', 'pbkdf2_sha256$1000000$6flJ7dDLZUdk7ozvFwOh5c$MuveI5f/kNzdmuQfd4xH+mVHKYTSy0sMdvomLbKKi6A=', 'Emily', 'Smith', 0, 1, 1, 0, 0, NOW()),
(4, 'doc4@example.com', 'pbkdf2_sha256$1000000$6flJ7dDLZUdk7ozvFwOh5c$MuveI5f/kNzdmuQfd4xH+mVHKYTSy0sMdvomLbKKi6A=', 'David', 'Johnson', 0, 1, 1, 0, 0, NOW()),
(5, 'doc5@example.com', 'pbkdf2_sha256$1000000$6flJ7dDLZUdk7ozvFwOh5c$MuveI5f/kNzdmuQfd4xH+mVHKYTSy0sMdvomLbKKi6A=', 'Sarah', 'Williams', 0, 1, 1, 0, 0, NOW()),
(6, 'doc6@example.com', 'pbkdf2_sha256$1000000$6flJ7dDLZUdk7ozvFwOh5c$MuveI5f/kNzdmuQfd4xH+mVHKYTSy0sMdvomLbKKi6A=', 'Michael', 'Brown', 0, 1, 1, 0, 0, NOW()),
(7, 'doc7@example.com', 'pbkdf2_sha256$1000000$6flJ7dDLZUdk7ozvFwOh5c$MuveI5f/kNzdmuQfd4xH+mVHKYTSy0sMdvomLbKKi6A=', 'Emma', 'Jones', 0, 1, 1, 0, 0, NOW()),
(8, 'doc8@example.com', 'pbkdf2_sha256$1000000$6flJ7dDLZUdk7ozvFwOh5c$MuveI5f/kNzdmuQfd4xH+mVHKYTSy0sMdvomLbKKi6A=', 'Daniel', 'Garcia', 0, 1, 1, 0, 0, NOW()),
(9, 'doc9@example.com', 'pbkdf2_sha256$1000000$6flJ7dDLZUdk7ozvFwOh5c$MuveI5f/kNzdmuQfd4xH+mVHKYTSy0sMdvomLbKKi6A=', 'Olivia', 'Martinez', 0, 1, 1, 0, 0, NOW()),
(10, 'doc10@example.com', 'pbkdf2_sha256$1000000$6flJ7dDLZUdk7ozvFwOh5c$MuveI5f/kNzdmuQfd4xH+mVHKYTSy0sMdvomLbKKi6A=', 'Matthew', 'Hernandez', 0, 1, 1, 0, 0, NOW()),
(11, 'doc11@example.com', 'pbkdf2_sha256$1000000$6flJ7dDLZUdk7ozvFwOh5c$MuveI5f/kNzdmuQfd4xH+mVHKYTSy0sMdvomLbKKi6A=', 'Ava', 'Lopez', 0, 1, 1, 0, 0, NOW()),
(12, 'doc12@example.com', 'pbkdf2_sha256$1000000$6flJ7dDLZUdk7ozvFwOh5c$MuveI5f/kNzdmuQfd4xH+mVHKYTSy0sMdvomLbKKi6A=', 'James', 'Gonzalez', 0, 1, 1, 0, 0, NOW()),
(13, 'doc13@example.com', 'pbkdf2_sha256$1000000$6flJ7dDLZUdk7ozvFwOh5c$MuveI5f/kNzdmuQfd4xH+mVHKYTSy0sMdvomLbKKi6A=', 'Sophia', 'Wilson', 0, 1, 1, 0, 0, NOW()),
(14, 'doc14@example.com', 'pbkdf2_sha256$1000000$6flJ7dDLZUdk7ozvFwOh5c$MuveI5f/kNzdmuQfd4xH+mVHKYTSy0sMdvomLbKKi6A=', 'Benjamin', 'Anderson', 0, 1, 1, 0, 0, NOW()),
(15, 'doc15@example.com', 'pbkdf2_sha256$1000000$6flJ7dDLZUdk7ozvFwOh5c$MuveI5f/kNzdmuQfd4xH+mVHKYTSy0sMdvomLbKKi6A=', 'Isabella', 'Thomas', 0, 1, 1, 0, 0, NOW()),
(16, 'doc16@example.com', 'pbkdf2_sha256$1000000$6flJ7dDLZUdk7ozvFwOh5c$MuveI5f/kNzdmuQfd4xH+mVHKYTSy0sMdvomLbKKi6A=', 'Elijah', 'Taylor', 0, 1, 1, 0, 0, NOW()),
(17, 'doc17@example.com', 'pbkdf2_sha256$1000000$6flJ7dDLZUdk7ozvFwOh5c$MuveI5f/kNzdmuQfd4xH+mVHKYTSy0sMdvomLbKKi6A=', 'Mia', 'Moore', 0, 1, 1, 0, 0, NOW()),
(18, 'doc18@example.com', 'pbkdf2_sha256$1000000$6flJ7dDLZUdk7ozvFwOh5c$MuveI5f/kNzdmuQfd4xH+mVHKYTSy0sMdvomLbKKi6A=', 'Alexander', 'Jackson', 0, 1, 1, 0, 0, NOW()),
(19, 'doc19@example.com', 'pbkdf2_sha256$1000000$6flJ7dDLZUdk7ozvFwOh5c$MuveI5f/kNzdmuQfd4xH+mVHKYTSy0sMdvomLbKKi6A=', 'Charlotte', 'Martin', 0, 1, 1, 0, 0, NOW()),
(20, 'doc20@example.com', 'pbkdf2_sha256$1000000$6flJ7dDLZUdk7ozvFwOh5c$MuveI5f/kNzdmuQfd4xH+mVHKYTSy0sMdvomLbKKi6A=', 'William', 'Lee', 0, 1, 1, 0, 0, NOW()),
(21, 'doc21@example.com', 'pbkdf2_sha256$1000000$6flJ7dDLZUdk7ozvFwOh5c$MuveI5f/kNzdmuQfd4xH+mVHKYTSy0sMdvomLbKKi6A=', 'Amelia', 'Perez', 0, 1, 1, 0, 0, NOW()),
(22, 'doc22@example.com', 'pbkdf2_sha256$1000000$6flJ7dDLZUdk7ozvFwOh5c$MuveI5f/kNzdmuQfd4xH+mVHKYTSy0sMdvomLbKKi6A=', 'Ethan', 'Thompson', 0, 1, 1, 0, 0, NOW()),
(23, 'doc23@example.com', 'pbkdf2_sha256$1000000$6flJ7dDLZUdk7ozvFwOh5c$MuveI5f/kNzdmuQfd4xH+mVHKYTSy0sMdvomLbKKi6A=', 'Harper', 'White', 0, 1, 1, 0, 0, NOW()),
(24, 'doc24@example.com', 'pbkdf2_sha256$1000000$6flJ7dDLZUdk7ozvFwOh5c$MuveI5f/kNzdmuQfd4xH+mVHKYTSy0sMdvomLbKKi6A=', 'Logan', 'Harris', 0, 1, 1, 0, 0, NOW()),
(25, 'doc25@example.com', 'pbkdf2_sha256$1000000$6flJ7dDLZUdk7ozvFwOh5c$MuveI5f/kNzdmuQfd4xH+mVHKYTSy0sMdvomLbKKi6A=', 'Evelyn', 'Sanchez', 0, 1, 1, 0, 0, NOW());

-- CUSTOM USERS (Patients id 26-50)
INSERT INTO users_customuser (id, email, password, first_name, last_name, is_patient, is_doctor, is_active, is_staff, is_superuser, date_joined) VALUES
(26, 'pat26@example.com', 'pbkdf2_sha256$1000000$6flJ7dDLZUdk7ozvFwOh5c$MuveI5f/kNzdmuQfd4xH+mVHKYTSy0sMdvomLbKKi6A=', 'Liam', 'Scott', 1, 0, 1, 0, 0, NOW()),
(27, 'pat27@example.com', 'pbkdf2_sha256$1000000$6flJ7dDLZUdk7ozvFwOh5c$MuveI5f/kNzdmuQfd4xH+mVHKYTSy0sMdvomLbKKi6A=', 'Emma', 'Cooper', 1, 0, 1, 0, 0, NOW()),
(28, 'pat28@example.com', 'pbkdf2_sha256$1000000$6flJ7dDLZUdk7ozvFwOh5c$MuveI5f/kNzdmuQfd4xH+mVHKYTSy0sMdvomLbKKi6A=', 'Noah', 'Ward', 1, 0, 1, 0, 0, NOW()),
(29, 'pat29@example.com', 'pbkdf2_sha256$1000000$6flJ7dDLZUdk7ozvFwOh5c$MuveI5f/kNzdmuQfd4xH+mVHKYTSy0sMdvomLbKKi6A=', 'Olivia', 'Morgan', 1, 0, 1, 0, 0, NOW()),
(30, 'pat30@example.com', 'pbkdf2_sha256$1000000$6flJ7dDLZUdk7ozvFwOh5c$MuveI5f/kNzdmuQfd4xH+mVHKYTSy0sMdvomLbKKi6A=', 'William', 'Bell', 1, 0, 1, 0, 0, NOW()),
(31, 'pat31@example.com', 'pbkdf2_sha256$1000000$6flJ7dDLZUdk7ozvFwOh5c$MuveI5f/kNzdmuQfd4xH+mVHKYTSy0sMdvomLbKKi6A=', 'Ava', 'Murphy', 1, 0, 1, 0, 0, NOW()),
(32, 'pat32@example.com', 'pbkdf2_sha256$1000000$6flJ7dDLZUdk7ozvFwOh5c$MuveI5f/kNzdmuQfd4xH+mVHKYTSy0sMdvomLbKKi6A=', 'James', 'Bailey', 1, 0, 1, 0, 0, NOW()),
(33, 'pat33@example.com', 'pbkdf2_sha256$1000000$6flJ7dDLZUdk7ozvFwOh5c$MuveI5f/kNzdmuQfd4xH+mVHKYTSy0sMdvomLbKKi6A=', 'Sophia', 'Rivera', 1, 0, 1, 0, 0, NOW()),
(34, 'pat34@example.com', 'pbkdf2_sha256$1000000$6flJ7dDLZUdk7ozvFwOh5c$MuveI5f/kNzdmuQfd4xH+mVHKYTSy0sMdvomLbKKi6A=', 'Benjamin', 'Kelly', 1, 0, 1, 0, 0, NOW()),
(35, 'pat35@example.com', 'pbkdf2_sha256$1000000$6flJ7dDLZUdk7ozvFwOh5c$MuveI5f/kNzdmuQfd4xH+mVHKYTSy0sMdvomLbKKi6A=', 'Isabella', 'Howard', 1, 0, 1, 0, 0, NOW()),
(36, 'pat36@example.com', 'pbkdf2_sha256$1000000$6flJ7dDLZUdk7ozvFwOh5c$MuveI5f/kNzdmuQfd4xH+mVHKYTSy0sMdvomLbKKi6A=', 'Lucas', 'Ramos', 1, 0, 1, 0, 0, NOW()),
(37, 'pat37@example.com', 'pbkdf2_sha256$1000000$6flJ7dDLZUdk7ozvFwOh5c$MuveI5f/kNzdmuQfd4xH+mVHKYTSy0sMdvomLbKKi6A=', 'Mia', 'Kim', 1, 0, 1, 0, 0, NOW()),
(38, 'pat38@example.com', 'pbkdf2_sha256$1000000$6flJ7dDLZUdk7ozvFwOh5c$MuveI5f/kNzdmuQfd4xH+mVHKYTSy0sMdvomLbKKi6A=', 'Henry', 'Cox', 1, 0, 1, 0, 0, NOW()),
(39, 'pat39@example.com', 'pbkdf2_sha256$1000000$6flJ7dDLZUdk7ozvFwOh5c$MuveI5f/kNzdmuQfd4xH+mVHKYTSy0sMdvomLbKKi6A=', 'Charlotte', 'Diaz', 1, 0, 1, 0, 0, NOW()),
(40, 'pat40@example.com', 'pbkdf2_sha256$1000000$6flJ7dDLZUdk7ozvFwOh5c$MuveI5f/kNzdmuQfd4xH+mVHKYTSy0sMdvomLbKKi6A=', 'Alexander', 'Richardson', 1, 0, 1, 0, 0, NOW()),
(41, 'pat41@example.com', 'pbkdf2_sha256$1000000$6flJ7dDLZUdk7ozvFwOh5c$MuveI5f/kNzdmuQfd4xH+mVHKYTSy0sMdvomLbKKi6A=', 'Amelia', 'Wood', 1, 0, 1, 0, 0, NOW()),
(42, 'pat42@example.com', 'pbkdf2_sha256$1000000$6flJ7dDLZUdk7ozvFwOh5c$MuveI5f/kNzdmuQfd4xH+mVHKYTSy0sMdvomLbKKi6A=', 'Michael', 'Watson', 1, 0, 1, 0, 0, NOW()),
(43, 'pat43@example.com', 'pbkdf2_sha256$1000000$6flJ7dDLZUdk7ozvFwOh5c$MuveI5f/kNzdmuQfd4xH+mVHKYTSy0sMdvomLbKKi6A=', 'Evelyn', 'Brooks', 1, 0, 1, 0, 0, NOW()),
(44, 'pat44@example.com', 'pbkdf2_sha256$1000000$6flJ7dDLZUdk7ozvFwOh5c$MuveI5f/kNzdmuQfd4xH+mVHKYTSy0sMdvomLbKKi6A=', 'Daniel', 'Bennett', 1, 0, 1, 0, 0, NOW()),
(45, 'pat45@example.com', 'pbkdf2_sha256$1000000$6flJ7dDLZUdk7ozvFwOh5c$MuveI5f/kNzdmuQfd4xH+mVHKYTSy0sMdvomLbKKi6A=', 'Abigail', 'Gray', 1, 0, 1, 0, 0, NOW()),
(46, 'pat46@example.com', 'pbkdf2_sha256$1000000$6flJ7dDLZUdk7ozvFwOh5c$MuveI5f/kNzdmuQfd4xH+mVHKYTSy0sMdvomLbKKi6A=', 'Matthew', 'James', 1, 0, 1, 0, 0, NOW()),
(47, 'pat47@example.com', 'pbkdf2_sha256$1000000$6flJ7dDLZUdk7ozvFwOh5c$MuveI5f/kNzdmuQfd4xH+mVHKYTSy0sMdvomLbKKi6A=', 'Ella', 'Reyes', 1, 0, 1, 0, 0, NOW()),
(48, 'pat48@example.com', 'pbkdf2_sha256$1000000$6flJ7dDLZUdk7ozvFwOh5c$MuveI5f/kNzdmuQfd4xH+mVHKYTSy0sMdvomLbKKi6A=', 'Joseph', 'Cruz', 1, 0, 1, 0, 0, NOW()),
(49, 'pat49@example.com', 'pbkdf2_sha256$1000000$6flJ7dDLZUdk7ozvFwOh5c$MuveI5f/kNzdmuQfd4xH+mVHKYTSy0sMdvomLbKKi6A=', 'Sofia', 'Hughes', 1, 0, 1, 0, 0, NOW()),
(50, 'pat50@example.com', 'pbkdf2_sha256$1000000$6flJ7dDLZUdk7ozvFwOh5c$MuveI5f/kNzdmuQfd4xH+mVHKYTSy0sMdvomLbKKi6A=', 'David', 'Price', 1, 0, 1, 0, 0, NOW());

-- DOCTOR PROFILES (id 1 to 24) linked to doctor users 2 to 25
INSERT INTO users_doctorprofile (id, user_id, specialization, bio) VALUES
(1, 2, 'Cardiology', 'Expert in heart and blood vessel health.'),
(2, 3, 'Neurology', 'Specialist in brain and nervous system disorders.'),
(3, 4, 'Dermatology', 'Skin care and treatment specialist.'),
(4, 5, 'Pediatrics', 'Child health and wellness expert.'),
(5, 6, 'Oncology', 'Cancer treatment specialist.'),
(6, 7, 'Orthopedics', 'Bone and joint care expert.'),
(7, 8, 'Psychiatry', 'Mental health specialist.'),
(8, 9, 'Radiology', 'Imaging and diagnostics expert.'),
(9, 10, 'Endocrinology', 'Hormones and metabolism specialist.'),
(10, 11, 'Gastroenterology', 'Digestive system expert.'),
(11, 12, 'Nephrology', 'Kidney health specialist.'),
(12, 13, 'Ophthalmology', 'Eye care expert.'),
(13, 14, 'Pulmonology', 'Lung and respiratory system specialist.'),
(14, 15, 'Rheumatology', 'Autoimmune and joint disease expert.'),
(15, 16, 'Urology', 'Urinary tract and male reproductive system specialist.'),
(16, 17, 'Allergy and Immunology', 'Immune system disorders specialist.'),
(17, 18, 'Infectious Disease', 'Disease prevention and treatment expert.'),
(18, 19, 'Emergency Medicine', 'Acute illness and trauma specialist.'),
(19, 20, 'Family Medicine', 'Comprehensive primary care specialist.'),
(20, 21, 'Obstetrics and Gynecology', 'Women\'s reproductive health expert.'),
(21, 22, 'Pathology', 'Disease diagnosis through lab tests.'),
(22, 23, 'Anesthesiology', 'Pain management and anesthesia specialist.'),
(23, 24, 'Plastic Surgery', 'Reconstructive and cosmetic surgery expert.'),
(24, 25, 'Sports Medicine', 'Injury prevention and treatment for athletes.');

-- PATIENT PROFILES (id 1 to 25) linked to patient users 26 to 50
INSERT INTO users_patientprofile (id, user_id, age, gender, phone) VALUES
(1, 26, 25, 'Male', '+251900000001'),
(2, 27, 30, 'Female', '+251900000002'),
(3, 28, 22, 'Male', '+251900000003'),
(4, 29, 45, 'Female', '+251900000004'),
(5, 30, 50, 'Male', '+251900000005'),
(6, 31, 33, 'Female', '+251900000006'),
(7, 32, 28, 'Male', '+251900000007'),
(8, 33, 41, 'Female', '+251900000008'),
(9, 34, 36, 'Male', '+251900000009'),
(10, 35, 29, 'Female', '+251900000010'),
(11, 36, 48, 'Male', '+251900000011'),
(12, 37, 37, 'Female', '+251900000012'),
(13, 38, 24, 'Male', '+251900000013'),
(14, 39, 39, 'Female', '+251900000014'),
(15, 40, 27, 'Male', '+251900000015'),
(16, 41, 44, 'Female', '+251900000016'),
(17, 42, 31, 'Male', '+251900000017'),
(18, 43, 35, 'Female', '+251900000018'),
(19, 44, 26, 'Male', '+251900000019'),
(20, 45, 38, 'Female', '+251900000020'),
(21, 46, 32, 'Male', '+251900000021'),
(22, 47, 29, 'Female', '+251900000022'),
(23, 48, 40, 'Male', '+251900000023'),
(24, 49, 34, 'Female', '+251900000024'),
(25, 50, 43, 'Male', '+251900000025');

-- DOCTORPROFILE_AVAILABLE_DAYS (assign 2 random days for each doctorprofile)
INSERT INTO users_doctorprofile_available_days (id, doctorprofile_id, day_id) VALUES
(1, 1, 1),
(2, 1, 3),
(3, 2, 2),
(4, 2, 4),
(5, 3, 1),
(6, 3, 5),
(7, 4, 3),
(8, 4, 4),
(9, 5, 2),
(10, 5, 5),
(11, 6, 1),
(12, 6, 2),
(13, 7, 3),
(14, 7, 5),
(15, 8, 1),
(16, 8, 4),
(17, 9, 2),
(18, 9, 3),
(19, 10, 4),
(20, 10, 5),
(21, 11, 1),
(22, 11, 2),
(23, 12, 3),
(24, 12, 4),
(25, 13, 2),
(26, 13, 5),
(27, 14, 1),
(28, 14, 3),
(29, 15, 4),
(30, 15, 5),
(31, 16, 1),
(32, 16, 2),
(33, 17, 3),
(34, 17, 4),
(35, 18, 2),
(36, 18, 5),
(37, 19, 1),
(38, 19, 3),
(39, 20, 4),
(40, 20, 5),
(41, 21, 1),
(42, 21, 2),
(43, 22, 3),
(44, 22, 5),
(45, 23, 2),
(46, 23, 4),
(47, 24, 1),
(48, 24, 5);
